Ship Mode,Total_Shipments,Unique_Orders,Avg_Lead_Time,Lead_Time_Std,Delayed,On_Time,Efficiency_Rank
First Class,1548,1312,2.020671834625323,0.8235930006377007,0.0,100.0,2
Same Day,547,442,0.4954296160877514,0.5004367580340302,0.0,100.0,1
Second Class,1979,1653,3.480040424456796,1.1260230932152393,0.0,100.0,3
Standard Class,6120,5142,4.999509803921568,1.4223370699478248,40.130718954248366,59.869281045751634,4
